{
	"player1": "bf-WEEK2",
	"gfVersion": "komi-MIDDLE",
	"notes": [
		{
			"sectionBeats": 4,
			"sectionNotes": [
				[0, 5, 0],
				[168.539325842697, 5, 0],
				[505.61797752809, 5, 0],
				[674.157303370787, 5, 0],
				[1011.23595505618, 5, 337.078651685393]
			],
			"gfSection": false,
			"altAnim": false,
			"mustHitSection": false,
			"changeBPM": false,
			"bpm": 150
		},
		{
			"sectionBeats": 4,
			"sectionNotes": [
				[1348.31460674157, 7, 0],
				[1516.85393258427, 4, 0],
				[1685.39325842697, 7, 337.078651685393],
				[2022.47191011236, 6, 337.078651685393],
				[2359.55056179775, 4, 337.078651685393]
			],
			"gfSection": false,
			"altAnim": false,
			"mustHitSection": false,
			"changeBPM": false,
			"bpm": 150
		},
		{
			"sectionBeats": 4,
			"sectionNotes": [
				[2696.62921348315, 7, 0],
				[2865.16853932584, 5, 0],
				[3202.24719101124, 6, 0],
				[3370.78651685393, 5, 0],
				[3707.86516853933, 6, 337.078651685393]
			],
			"gfSection": false,
			"altAnim": false,
			"mustHitSection": false,
			"changeBPM": false,
			"bpm": 150
		},
		{
			"sectionBeats": 4,
			"sectionNotes": [
				[4044.94382022472, 4, 0],
				[4213.48314606742, 7, 0],
				[4382.02247191011, 4, 337.078651685393],
				[4719.10112359551, 5, 337.078651685393],
				[5056.1797752809, 6, 0, "No Animation"],
				[5056.1797752809, 7, 337.078651685393]
			],
			"gfSection": false,
			"altAnim": false,
			"mustHitSection": false,
			"changeBPM": false,
			"bpm": 150
		},
		{
			"sectionBeats": 4,
			"sectionNotes": [
				[5393.25842696629, 1, 0],
				[5561.79775280899, 1, 0],
				[5898.87640449438, 1, 0],
				[6067.41573033708, 1, 0],
				[6404.49438202247, 1, 337.078651685393]
			],
			"gfSection": false,
			"altAnim": false,
			"mustHitSection": true,
			"changeBPM": false,
			"bpm": 150
		},
		{
			"sectionBeats": 4,
			"sectionNotes": [
				[6741.57303370786, 3, 0],
				[6910.11235955056, 0, 0],
				[7078.65168539326, 3, 337.078651685393],
				[7415.73033707865, 2, 337.078651685393],
				[7752.80898876404, 0, 337.078651685393]
			],
			"gfSection": false,
			"altAnim": false,
			"mustHitSection": true,
			"changeBPM": false,
			"bpm": 150
		},
		{
			"sectionBeats": 4,
			"sectionNotes": [
				[8089.88764044944, 3, 0],
				[8258.42696629213, 1, 0],
				[8595.50561797753, 2, 0],
				[8764.04494382022, 1, 0],
				[9101.12359550562, 2, 337.078651685393]
			],
			"gfSection": false,
			"altAnim": false,
			"mustHitSection": true,
			"changeBPM": false,
			"bpm": 150
		},
		{
			"sectionBeats": 4,
			"sectionNotes": [
				[9438.20224719101, 0, 0],
				[9606.74157303371, 3, 0],
				[9775.2808988764, 0, 337.078651685393],
				[10112.3595505618, 1, 337.078651685393],
				[10449.4382022472, 2, 0],
				[10449.4382022472, 3, 337.078651685393]
			],
			"gfSection": false,
			"altAnim": false,
			"mustHitSection": true,
			"changeBPM": false,
			"bpm": 150
		},
		{
			"sectionBeats": 4,
			"sectionNotes": [
				[10786.5168539326, 5, 252.808988764045, "GF Sing"],
				[11039.3258426966, 7, 0, "GF Sing"],
				[11123.595505618, 4, 337.078651685393, "GF Sing"],
				[11460.6741573034, 6, 337.078651685393, "GF Sing"],
				[11797.7528089888, 5, 337.078651685393, "GF Sing"]
			],
			"gfSection": false,
			"altAnim": false,
			"mustHitSection": false,
			"changeBPM": false,
			"bpm": 150
		},
		{
			"sectionBeats": 4,
			"sectionNotes": [
				[12134.8314606742, 4, 168.539325842697, "GF Sing"],
				[12303.3707865169, 7, 0, "GF Sing"],
				[12387.6404494382, 4, 0, "GF Sing"],
				[12471.9101123596, 6, 337.078651685393, "GF Sing"],
				[12808.9887640449, 4, 337.078651685393, "GF Sing"],
				[13146.0674157303, 7, 337.078651685393, "GF Sing"]
			],
			"gfSection": false,
			"altAnim": false,
			"mustHitSection": false,
			"changeBPM": false,
			"bpm": 150
		},
		{
			"sectionBeats": 4,
			"sectionNotes": [
				[13483.1460674157, 5, 252.808988764045, "GF Sing"],
				[13735.9550561798, 7, 0, "GF Sing"],
				[13820.2247191011, 4, 168.539325842697, "GF Sing"],
				[13988.7640449438, 5, 0, "GF Sing"],
				[14073.0337078652, 7, 0, "GF Sing"],
				[14157.3033707865, 6, 337.078651685393, "GF Sing"],
				[14494.3820224719, 5, 337.078651685393, "GF Sing"]
			],
			"gfSection": false,
			"altAnim": false,
			"mustHitSection": false,
			"changeBPM": false,
			"bpm": 150
		},
		{
			"sectionBeats": 4,
			"sectionNotes": [
				[14831.4606741573, 4, 252.808988764045, "GF Sing"],
				[15084.2696629213, 7, 0, "GF Sing"],
				[15168.5393258427, 5, 337.078651685393, "GF Sing"],
				[15505.6179775281, 6, 337.078651685393, "GF Sing"],
				[15842.6966292135, 5, 294.943820224719, "GF Sing"]
			],
			"gfSection": false,
			"altAnim": false,
			"mustHitSection": false,
			"changeBPM": false,
			"bpm": 150
		},
		{
			"sectionBeats": 4,
			"sectionNotes": [
				[16179.7752808989, 1, 252.808988764045],
				[16432.5842696629, 3, 0],
				[16516.8539325843, 0, 337.078651685393],
				[16853.9325842697, 2, 337.078651685393],
				[17191.0112359551, 1, 294.943820224719]
			],
			"gfSection": false,
			"altAnim": false,
			"mustHitSection": true,
			"changeBPM": false,
			"bpm": 150
		},
		{
			"sectionBeats": 4,
			"sectionNotes": [
				[17528.0898876404, 0, 168.539325842697],
				[17696.6292134831, 3, 0],
				[17780.8988764045, 0, 0],
				[17865.1685393258, 2, 337.078651685393],
				[18202.2471910112, 0, 337.078651685393],
				[18539.3258426966, 3, 337.078651685393]
			],
			"gfSection": false,
			"altAnim": false,
			"mustHitSection": true,
			"changeBPM": false,
			"bpm": 150
		},
		{
			"sectionBeats": 4,
			"sectionNotes": [
				[18876.404494382, 1, 252.808988764045],
				[19129.2134831461, 3, 0],
				[19213.4831460674, 0, 168.539325842697],
				[19382.0224719101, 1, 0],
				[19466.2921348315, 3, 0],
				[19550.5617977528, 2, 337.078651685393],
				[19887.6404494382, 1, 294.943820224719]
			],
			"gfSection": false,
			"altAnim": false,
			"mustHitSection": true,
			"changeBPM": false,
			"bpm": 150
		},
		{
			"sectionBeats": 4,
			"sectionNotes": [
				[20224.7191011236, 0, 252.808988764045],
				[20477.5280898876, 3, 0],
				[20561.797752809, 1, 337.078651685393],
				[20898.8764044944, 2, 337.078651685393],
				[21235.9550561798, 1, 294.943820224719]
			],
			"gfSection": false,
			"altAnim": false,
			"mustHitSection": true,
			"changeBPM": false,
			"bpm": 150
		},
		{
			"sectionBeats": 4,
			"sectionNotes": [
				[21573.0337078652, 6, 0],
				[21573.0337078652, 0, 1348.31460674157],
				[21573.0337078652, 3, 0],
				[21741.5730337079, 7, 0],
				[21910.1123595506, 4, 337.078651685393],
				[22247.191011236, 6, 337.078651685393],
				[22584.2696629213, 5, 168.539325842697],
				[22752.808988764, 7, 168.539325842697]
			],
			"gfSection": false,
			"altAnim": false,
			"mustHitSection": false,
			"changeBPM": false,
			"bpm": 150
		},
		{
			"sectionBeats": 4,
			"sectionNotes": [
				[22921.3483146067, 6, 168.539325842697],
				[23089.8876404494, 5, 0],
				[23258.4269662921, 6, 0],
				[23342.6966292135, 6, 0],
				[23426.9662921348, 5, 0],
				[23511.2359550562, 5, 0],
				[23595.5056179775, 4, 168.539325842697],
				[23764.0449438202, 7, 0],
				[23848.3146067416, 7, 0],
				[23932.5842696629, 6, 0],
				[24016.8539325843, 5, 0],
				[24101.1235955056, 6, 0],
				[24185.393258427, 4, 0]
			],
			"gfSection": false,
			"altAnim": false,
			"mustHitSection": false,
			"changeBPM": false,
			"bpm": 150
		},
		{
			"sectionBeats": 4,
			"sectionNotes": [
				[24269.6629213483, 7, 0, "GF Sing"],
				[24438.202247191, 5, 0, "GF Sing"],
				[24522.4719101124, 4, 0, "GF Sing"],
				[24606.7415730337, 6, 0, "GF Sing"],
				[24775.2808988764, 7, 0, "GF Sing"],
				[24943.8202247191, 6, 0, "GF Sing"],
				[25112.3595505618, 4, 0, "GF Sing"],
				[25280.8988764045, 6, 0, "GF Sing"],
				[25449.4382022472, 5, 0, "GF Sing"],
				[25533.7078651685, 7, 0, "GF Sing"]
			],
			"gfSection": false,
			"altAnim": false,
			"mustHitSection": false,
			"changeBPM": false,
			"bpm": 150
		},
		{
			"sectionBeats": 4,
			"sectionNotes": [
				[25617.9775280899, 6, 0, "GF Sing"],
				[25702.2471910112, 4, 0, "GF Sing"],
				[25870.7865168539, 5, 0, "GF Sing"],
				[25955.0561797753, 6, 0, "GF Sing"],
				[26039.3258426966, 4, 0, "GF Sing"],
				[26207.8651685393, 5, 0, "GF Sing"],
				[26292.1348314607, 6, 337.078651685393, "GF Sing"],
				[26629.2134831461, 7, 337.078651685393, "GF Sing"]
			],
			"gfSection": false,
			"altAnim": false,
			"mustHitSection": false,
			"changeBPM": false,
			"bpm": 150
		},
		{
			"sectionBeats": 4,
			"sectionNotes": [
				[26966.2921348315, 2, 0],
				[27134.8314606742, 3, 0],
				[27303.3707865169, 0, 337.078651685393],
				[27640.4494382022, 2, 337.078651685393],
				[27977.5280898876, 1, 168.539325842697],
				[28146.0674157303, 3, 168.539325842697]
			],
			"gfSection": false,
			"altAnim": false,
			"mustHitSection": true,
			"changeBPM": false,
			"bpm": 150
		},
		{
			"sectionBeats": 4,
			"sectionNotes": [
				[28314.606741573, 2, 168.539325842697],
				[28483.1460674157, 1, 0],
				[28651.6853932584, 2, 0],
				[28735.9550561798, 2, 0],
				[28820.2247191011, 1, 0],
				[28904.4943820225, 1, 0],
				[28988.7640449438, 0, 168.539325842697],
				[29157.3033707865, 3, 0],
				[29241.5730337079, 3, 0],
				[29325.8426966292, 2, 0],
				[29410.1123595506, 1, 0],
				[29494.3820224719, 2, 0],
				[29578.6516853933, 0, 0]
			],
			"gfSection": false,
			"altAnim": false,
			"mustHitSection": true,
			"changeBPM": false,
			"bpm": 150
		},
		{
			"sectionBeats": 4,
			"sectionNotes": [
				[29662.9213483146, 3, 0],
				[29831.4606741573, 1, 0],
				[29915.7303370787, 0, 0],
				[30000, 2, 0],
				[30168.5393258427, 3, 0],
				[30337.0786516854, 2, 0],
				[30505.6179775281, 0, 0],
				[30674.1573033708, 2, 0],
				[30842.6966292135, 1, 0],
				[30926.9662921348, 3, 0]
			],
			"gfSection": false,
			"altAnim": false,
			"mustHitSection": true,
			"changeBPM": false,
			"bpm": 150
		},
		{
			"sectionBeats": 4,
			"sectionNotes": [
				[31011.2359550562, 2, 0],
				[31095.5056179775, 0, 0],
				[31264.0449438202, 1, 0],
				[31348.3146067416, 2, 0],
				[31432.5842696629, 0, 0],
				[31601.1235955056, 1, 0],
				[31685.393258427, 2, 337.078651685393],
				[32022.4719101124, 3, 337.078651685393]
			],
			"gfSection": false,
			"altAnim": false,
			"mustHitSection": true,
			"changeBPM": false,
			"bpm": 150
		},
		{
			"sectionBeats": 4,
			"sectionNotes": [
				[32359.5505617978, 7, 0, "GF Sing"],
				[32528.0898876404, 7, 0, "GF Sing"],
				[32696.6292134831, 6, 0, "GF Sing"],
				[32865.1685393258, 4, 0, "GF Sing"],
				[33033.7078651685, 5, 337.078651685393, "GF Sing"],
				[33370.7865168539, 6, 337.078651685393, "GF Sing"]
			],
			"gfSection": false,
			"altAnim": false,
			"mustHitSection": false,
			"changeBPM": false,
			"bpm": 150
		},
		{
			"sectionBeats": 4,
			"sectionNotes": [
				[33707.8651685393, 6, 0],
				[33876.404494382, 7, 0],
				[34044.9438202247, 5, 0],
				[34044.9438202247, 4, 0],
				[34213.4831460674, 7, 0],
				[34382.0224719101, 6, 0],
				[34550.5617977528, 4, 0],
				[34634.8314606742, 7, 0],
				[34719.1011235955, 6, 337.078651685393]
			],
			"gfSection": false,
			"altAnim": false,
			"mustHitSection": false,
			"changeBPM": false,
			"bpm": 150
		},
		{
			"sectionBeats": 4,
			"sectionNotes": [
				[35056.1797752809, 5, 337.078651685393],
				[35393.2584269663, 7, 168.539325842697],
				[35561.797752809, 6, 168.539325842697],
				[35561.797752809, 4, 0],
				[35730.3370786517, 5, 168.539325842697],
				[35898.8764044944, 4, 0],
				[35983.1460674157, 5, 0],
				[36067.4157303371, 6, 0],
				[36235.9550561798, 5, 0]
			],
			"gfSection": false,
			"altAnim": false,
			"mustHitSection": false,
			"changeBPM": false,
			"bpm": 150
		},
		{
			"sectionBeats": 4,
			"sectionNotes": [
				[36404.4943820225, 6, 0],
				[36404.4943820225, 5, 337.078651685393, "GF Sing"],
				[36573.0337078652, 7, 0],
				[36657.3033707865, 5, 0],
				[36741.5730337079, 6, 0],
				[36741.5730337079, 4, 168.539325842697, "GF Sing"],
				[36910.1123595506, 7, 0],
				[36910.1123595506, 6, 168.539325842697, "GF Sing"],
				[36994.3820224719, 5, 0],
				[37078.6516853933, 4, 337.078651685393],
				[37078.6516853933, 7, 0, "GF Sing"],
				[37162.9213483146, 5, 0, "GF Sing"],
				[37247.191011236, 7, 0, "GF Sing"],
				[37331.4606741573, 6, 0, "GF Sing"],
				[37415.7303370787, 6, 337.078651685393],
				[37415.7303370787, 4, 337.078651685393, "GF Sing"]
			],
			"gfSection": false,
			"altAnim": false,
			"mustHitSection": false,
			"changeBPM": false,
			"bpm": 150
		},
		{
			"sectionBeats": 4,
			"sectionNotes": [
				[37752.808988764, 7, 0],
				[37752.808988764, 5, 1348.31460674157, "GF Sing"],
				[37752.808988764, 3, 0],
				[37921.3483146067, 5, 0],
				[37921.3483146067, 3, 0],
				[38089.8876404494, 2, 0],
				[38258.4269662921, 0, 0],
				[38426.9662921348, 7, 0],
				[38426.9662921348, 1, 337.078651685393],
				[38595.5056179775, 5, 0],
				[38764.0449438202, 2, 294.943820224719]
			],
			"gfSection": false,
			"altAnim": false,
			"mustHitSection": true,
			"changeBPM": false,
			"bpm": 150
		},
		{
			"sectionBeats": 4,
			"sectionNotes": [
				[39101.1235955056, 7, 0],
				[39101.1235955056, 2, 0],
				[39269.6629213483, 5, 0],
				[39269.6629213483, 1, 0],
				[39353.9325842697, 3, 0],
				[39438.202247191, 2, 0],
				[39606.7415730337, 1, 0],
				[39691.0112359551, 3, 0],
				[39775.2808988764, 7, 0],
				[39775.2808988764, 0, 0],
				[39859.5505617978, 3, 0],
				[39943.8202247191, 5, 0],
				[39943.8202247191, 1, 0],
				[40028.0898876404, 3, 0],
				[40112.3595505618, 0, 252.808988764045]
			],
			"gfSection": false,
			"altAnim": false,
			"mustHitSection": true,
			"changeBPM": false,
			"bpm": 150
		},
		{
			"sectionBeats": 4,
			"sectionNotes": [
				[40449.4382022472, 1, 337.078651685393],
				[40786.5168539326, 3, 168.539325842697],
				[40955.0561797753, 0, 168.539325842697],
				[41123.595505618, 1, 337.078651685393],
				[41292.1348314607, 3, 168.539325842697],
				[41460.6741573034, 2, 337.078651685393]
			],
			"gfSection": false,
			"altAnim": false,
			"mustHitSection": true,
			"changeBPM": false,
			"bpm": 150
		},
		{
			"sectionBeats": 4,
			"sectionNotes": [
				[41797.7528089888, 1, 0],
				[41966.2921348315, 2, 0],
				[42134.8314606742, 1, 0],
				[42219.1011235955, 1, 0],
				[42303.3707865169, 2, 0],
				[42387.6404494382, 2, 0],
				[42471.9101123596, 0, 337.078651685393],
				[42808.9887640449, 3, 337.078651685393]
			],
			"gfSection": false,
			"altAnim": false,
			"mustHitSection": true,
			"changeBPM": false,
			"bpm": 150
		},
		{
			"sectionBeats": 4,
			"sectionNotes": [
				[43146.0674157303, 5, 0],
				[43314.606741573, 7, 0],
				[43398.8764044944, 4, 0],
				[43483.1460674157, 6, 0],
				[43567.4157303371, 7, 0],
				[43651.6853932584, 4, 0],
				[43735.9550561798, 5, 0],
				[43820.2247191011, 6, 168.539325842697],
				[43988.7640449438, 7, 168.539325842697],
				[44157.3033707865, 5, 0],
				[44241.5730337079, 4, 0],
				[44325.8426966292, 6, 0]
			],
			"gfSection": false,
			"altAnim": false,
			"mustHitSection": false,
			"changeBPM": false,
			"bpm": 150
		},
		{
			"sectionBeats": 4,
			"sectionNotes": [
				[44494.3820224719, 5, 0],
				[44662.9213483146, 7, 0],
				[44831.4606741573, 6, 0],
				[45000, 4, 0],
				[45168.5393258427, 5, 0],
				[45337.0786516854, 4, 0],
				[45421.3483146067, 4, 0],
				[45505.6179775281, 6, 0],
				[45674.1573033708, 5, 0]
			],
			"gfSection": false,
			"altAnim": false,
			"mustHitSection": false,
			"changeBPM": false,
			"bpm": 150
		},
		{
			"sectionBeats": 4,
			"sectionNotes": [
				[45842.6966292135, 4, 0],
				[46011.2359550562, 5, 0],
				[46095.5056179775, 7, 0],
				[46179.7752808989, 6, 0],
				[46348.3146067416, 4, 0],
				[46432.5842696629, 7, 0],
				[46516.8539325843, 5, 0],
				[46601.1235955056, 5, 0],
				[46685.393258427, 6, 0],
				[46769.6629213483, 4, 0],
				[46853.9325842697, 5, 0],
				[46938.202247191, 5, 0],
				[47022.4719101124, 6, 0],
				[47106.7415730337, 4, 0]
			],
			"gfSection": false,
			"altAnim": false,
			"mustHitSection": false,
			"changeBPM": false,
			"bpm": 150
		},
		{
			"sectionBeats": 4,
			"sectionNotes": [
				[47191.0112359551, 5, 0],
				[47359.5505617978, 7, 0],
				[47528.0898876404, 7, 0],
				[47696.6292134831, 5, 0],
				[47865.1685393258, 4, 0],
				[48033.7078651685, 7, 0],
				[48202.2471910112, 7, 337.078651685393]
			],
			"gfSection": false,
			"altAnim": false,
			"mustHitSection": false,
			"changeBPM": false,
			"bpm": 150
		},
		{
			"sectionBeats": 4,
			"sectionNotes": [
				[48539.3258426966, 1, 0],
				[48707.8651685393, 3, 0],
				[48792.1348314607, 0, 0],
				[48876.404494382, 2, 0],
				[48960.6741573034, 3, 0],
				[49044.9438202247, 0, 0],
				[49129.2134831461, 1, 0],
				[49213.4831460674, 2, 168.539325842697],
				[49382.0224719101, 3, 168.539325842697],
				[49550.5617977528, 1, 0],
				[49634.8314606742, 0, 0],
				[49719.1011235955, 2, 0]
			],
			"gfSection": false,
			"altAnim": false,
			"mustHitSection": true,
			"changeBPM": false,
			"bpm": 150
		},
		{
			"sectionBeats": 4,
			"sectionNotes": [
				[49887.6404494382, 1, 0],
				[50056.1797752809, 3, 0],
				[50224.7191011236, 2, 0],
				[50393.2584269663, 0, 0],
				[50561.797752809, 1, 0],
				[50730.3370786517, 0, 0],
				[50814.606741573, 0, 0],
				[50898.8764044944, 2, 0],
				[51067.4157303371, 1, 0]
			],
			"gfSection": false,
			"altAnim": false,
			"mustHitSection": true,
			"changeBPM": false,
			"bpm": 150
		},
		{
			"sectionBeats": 4,
			"sectionNotes": [
				[51235.9550561798, 0, 0],
				[51404.4943820225, 1, 0],
				[51488.7640449438, 3, 0],
				[51573.0337078652, 2, 0],
				[51741.5730337079, 0, 0],
				[51825.8426966292, 3, 0],
				[51910.1123595506, 1, 0],
				[51994.3820224719, 1, 0],
				[52078.6516853933, 2, 0],
				[52162.9213483146, 0, 0],
				[52247.191011236, 1, 0],
				[52331.4606741573, 1, 0],
				[52415.7303370786, 2, 0],
				[52500, 0, 0]
			],
			"gfSection": false,
			"altAnim": false,
			"mustHitSection": true,
			"changeBPM": false,
			"bpm": 150
		},
		{
			"sectionBeats": 4,
			"sectionNotes": [
				[52584.2696629213, 1, 0],
				[52752.808988764, 3, 0],
				[52921.3483146067, 3, 0],
				[53089.8876404494, 1, 0],
				[53258.4269662921, 0, 0],
				[53426.9662921348, 3, 0],
				[53595.5056179775, 3, 337.078651685393],
				[53764.0449438202, 1, 168.539325842697]
			],
			"gfSection": false,
			"altAnim": false,
			"mustHitSection": true,
			"changeBPM": false,
			"bpm": 150
		},
		{
			"sectionBeats": 4,
			"sectionNotes": [
				[53932.5842696629, 0, 0],
				[54101.1235955056, 2, 0],
				[54185.393258427, 1, 0],
				[54269.6629213483, 0, 0],
				[54353.9325842697, 0, 0],
				[54438.202247191, 3, 337.078651685393],
				[54775.2808988764, 1, 337.078651685393],
				[55112.3595505618, 0, 168.539325842697]
			],
			"gfSection": false,
			"altAnim": false,
			"mustHitSection": true,
			"changeBPM": false,
			"bpm": 150
		},
		{
			"sectionBeats": 4,
			"sectionNotes": [
				[55280.8988764045, 3, 0],
				[55449.4382022472, 2, 0],
				[55533.7078651685, 1, 0],
				[55617.9775280899, 2, 0],
				[55786.5168539326, 1, 0],
				[55870.7865168539, 3, 0],
				[55955.0561797753, 0, 0],
				[56123.595505618, 2, 0],
				[56292.1348314607, 0, 0],
				[56460.6741573034, 2, 0],
				[56544.9438202247, 2, 0]
			],
			"gfSection": false,
			"altAnim": false,
			"mustHitSection": true,
			"changeBPM": false,
			"bpm": 150
		},
		{
			"sectionBeats": 4,
			"sectionNotes": [
				[56629.2134831461, 1, 0],
				[56797.7528089888, 3, 0],
				[56966.2921348315, 0, 0],
				[57134.8314606742, 1, 0],
				[57303.3707865169, 3, 0],
				[57471.9101123595, 1, 0],
				[57556.1797752809, 1, 0],
				[57640.4494382022, 2, 0],
				[57808.9887640449, 0, 0]
			],
			"gfSection": false,
			"altAnim": false,
			"mustHitSection": true,
			"changeBPM": false,
			"bpm": 150
		},
		{
			"sectionBeats": 4,
			"sectionNotes": [
				[57977.5280898876, 1, 0],
				[58146.0674157303, 2, 0],
				[58314.606741573, 1, 0],
				[58483.1460674157, 2, 0],
				[58567.4157303371, 2, 0],
				[58651.6853932584, 1, 337.078651685393],
				[58820.2247191011, 0, 168.539325842697],
				[58988.7640449438, 2, 337.078651685393],
				[59157.3033707865, 0, 168.539325842697]
			],
			"gfSection": false,
			"altAnim": false,
			"mustHitSection": true,
			"changeBPM": false,
			"bpm": 150
		},
		{
			"sectionBeats": 4,
			"sectionNotes": [
				[59325.8426966292, 4, 0, "GF Sing"],
				[59494.3820224719, 6, 0, "GF Sing"],
				[59578.6516853933, 5, 0, "GF Sing"],
				[59662.9213483146, 4, 0, "GF Sing"],
				[59747.191011236, 4, 0, "GF Sing"],
				[59831.4606741573, 7, 337.078651685393, "GF Sing"],
				[60168.5393258427, 5, 337.078651685393, "GF Sing"],
				[60505.6179775281, 4, 168.539325842697, "GF Sing"]
			],
			"gfSection": false,
			"altAnim": false,
			"mustHitSection": false,
			"changeBPM": false,
			"bpm": 150
		},
		{
			"sectionBeats": 4,
			"sectionNotes": [
				[60674.1573033708, 7, 0, "GF Sing"],
				[60842.6966292135, 6, 0, "GF Sing"],
				[60926.9662921348, 5, 0, "GF Sing"],
				[61011.2359550562, 6, 0, "GF Sing"],
				[61179.7752808989, 5, 0, "GF Sing"],
				[61264.0449438202, 7, 0, "GF Sing"],
				[61348.3146067416, 4, 0, "GF Sing"],
				[61516.8539325843, 6, 0, "GF Sing"],
				[61685.393258427, 4, 0, "GF Sing"],
				[61853.9325842697, 6, 0, "GF Sing"],
				[61938.202247191, 6, 0, "GF Sing"]
			],
			"gfSection": false,
			"altAnim": false,
			"mustHitSection": false,
			"changeBPM": false,
			"bpm": 150
		},
		{
			"sectionBeats": 4,
			"sectionNotes": [
				[62022.4719101124, 5, 0, "GF Sing"],
				[62191.0112359551, 7, 0, "GF Sing"],
				[62359.5505617977, 4, 0, "GF Sing"],
				[62528.0898876404, 5, 0, "GF Sing"],
				[62696.6292134831, 7, 0, "GF Sing"],
				[62865.1685393258, 5, 0, "GF Sing"],
				[62949.4382022472, 5, 0, "GF Sing"],
				[63033.7078651685, 6, 0, "GF Sing"],
				[63202.2471910112, 4, 0, "GF Sing"]
			],
			"gfSection": false,
			"altAnim": false,
			"mustHitSection": false,
			"changeBPM": false,
			"bpm": 150
		},
		{
			"sectionBeats": 4,
			"sectionNotes": [
				[63370.7865168539, 5, 0, "GF Sing"],
				[63539.3258426966, 6, 0, "GF Sing"],
				[63707.8651685393, 5, 0, "GF Sing"],
				[63876.404494382, 6, 0, "GF Sing"],
				[63960.6741573034, 6, 0, "GF Sing"],
				[64044.9438202247, 5, 337.078651685393, "GF Sing"],
				[64213.4831460674, 4, 168.539325842697, "GF Sing"],
				[64382.0224719101, 6, 337.078651685393, "GF Sing"],
				[64550.5617977528, 4, 168.539325842697, "GF Sing"]
			],
			"gfSection": false,
			"altAnim": false,
			"mustHitSection": false,
			"changeBPM": false,
			"bpm": 150
		},
		{
			"sectionBeats": 4,
			"sectionNotes": [
				[64719.1011235955, 7, 1348.31460674157, "GF Sing"],
				[65056.1797752809, 5, 337.078651685393],
				[65393.2584269663, 7, 337.078651685393],
				[65730.3370786517, 6, 337.078651685393]
			],
			"gfSection": false,
			"altAnim": false,
			"mustHitSection": false,
			"changeBPM": false,
			"bpm": 150
		},
		{
			"sectionBeats": 4,
			"sectionNotes": [
				[66067.4157303371, 4, 337.078651685393],
				[66404.4943820225, 5, 674.157303370787],
				[66741.5730337079, 7, 337.078651685393],
				[67078.6516853933, 4, 337.078651685393]
			],
			"gfSection": false,
			"altAnim": false,
			"mustHitSection": false,
			"changeBPM": false,
			"bpm": 150
		},
		{
			"sectionBeats": 4,
			"sectionNotes": [
				[67415.7303370787, 5, 252.808988764045],
				[67668.5393258427, 7, 252.808988764045],
				[67921.3483146067, 6, 168.539325842697],
				[68089.8876404494, 4, 252.808988764045],
				[68174.1573033708, 7, 168.539325842697],
				[68342.6966292135, 6, 252.808988764045],
				[68426.9662921348, 7, 168.539325842697],
				[68595.5056179775, 5, 168.539325842697]
			],
			"gfSection": false,
			"altAnim": false,
			"mustHitSection": false,
			"changeBPM": false,
			"bpm": 150
		},
		{
			"sectionBeats": 4,
			"sectionNotes": [
				[68764.0449438202, 4, 252.808988764045],
				[69016.8539325843, 7, 252.808988764045],
				[69269.6629213483, 6, 168.539325842697],
				[69438.202247191, 4, 337.078651685393],
				[69606.7415730337, 7, 168.539325842697],
				[69775.2808988764, 6, 337.078651685393]
			],
			"gfSection": false,
			"altAnim": false,
			"mustHitSection": false,
			"changeBPM": false,
			"bpm": 150
		},
		{
			"sectionBeats": 4,
			"sectionNotes": [
				[70449.4382022472, 1, 337.078651685393],
				[70786.5168539326, 3, 337.078651685393],
				[71123.595505618, 2, 337.078651685393]
			],
			"gfSection": false,
			"altAnim": false,
			"mustHitSection": true,
			"changeBPM": false,
			"bpm": 150
		},
		{
			"sectionBeats": 4,
			"sectionNotes": [
				[71460.6741573034, 0, 337.078651685393],
				[71797.7528089888, 1, 674.157303370787],
				[72134.8314606742, 3, 337.078651685393],
				[72471.9101123596, 0, 294.943820224719]
			],
			"gfSection": false,
			"altAnim": false,
			"mustHitSection": true,
			"changeBPM": false,
			"bpm": 150
		},
		{
			"sectionBeats": 4,
			"sectionNotes": [
				[72808.988764045, 0, 252.808988764045],
				[73061.797752809, 3, 252.808988764045],
				[73314.6067415731, 2, 168.539325842697],
				[73483.1460674158, 0, 337.078651685393],
				[73651.6853932585, 3, 168.539325842697],
				[73820.2247191012, 2, 337.078651685393]
			],
			"gfSection": false,
			"altAnim": false,
			"mustHitSection": true,
			"changeBPM": false,
			"bpm": 150
		},
		{
			"sectionBeats": 4,
			"sectionNotes": [
				[74157.3033707866, 0, 252.808988764045],
				[74410.1123595506, 3, 252.808988764045],
				[74662.9213483146, 2, 168.539325842697],
				[74831.4606741573, 0, 337.078651685393],
				[75000, 3, 168.539325842697],
				[75168.5393258427, 2, 337.078651685393]
			],
			"gfSection": false,
			"altAnim": false,
			"mustHitSection": true,
			"changeBPM": false,
			"bpm": 150
		},
		{
			"sectionBeats": 4,
			"sectionNotes": [
				[75505.6179775281, 4, 337.078651685393, "GF Sing"],
				[75842.6966292135, 5, 168.539325842697, "GF Sing"],
				[76011.2359550562, 7, 168.539325842697, "GF Sing"],
				[76179.7752808989, 6, 337.078651685393, "GF Sing"],
				[76516.8539325843, 4, 168.539325842697, "GF Sing"],
				[76685.393258427, 5, 168.539325842697, "GF Sing"]
			],
			"gfSection": false,
			"altAnim": false,
			"mustHitSection": false,
			"changeBPM": false,
			"bpm": 150
		},
		{
			"sectionNotes": [
				[76853.9325842697, 6, 337.078651685393, "GF Sing"],
				[77191.0112359551, 5, 168.539325842697, "GF Sing"],
				[77359.5505617978, 7, 168.539325842697, "GF Sing"],
				[77528.0898876405, 6, 168.539325842697, "GF Sing"],
				[77696.6292134832, 5, 168.539325842697, "GF Sing"],
				[77865.1685393259, 7, 337.078651685393, "GF Sing"]
			],
			"sectionBeats": 4,
			"gfSection": false,
			"altAnim": false,
			"bpm": 150,
			"changeBPM": false,
			"mustHitSection": false
		},
		{
			"sectionNotes": [
				[78202.2471910113, 4, 337.078651685393, "GF Sing"],
				[78539.3258426967, 6, 337.078651685393, "GF Sing"],
				[78876.4044943821, 7, 337.078651685393, "GF Sing"],
				[79213.4831460675, 6, 337.078651685393, "GF Sing"]
			],
			"sectionBeats": 4,
			"gfSection": false,
			"altAnim": false,
			"bpm": 150,
			"changeBPM": false,
			"mustHitSection": false
		},
		{
			"sectionNotes": [
				[79550.5617977529, 4, 337.078651685393, "GF Sing"],
				[79887.6404494383, 6, 337.078651685393, "GF Sing"],
				[80224.7191011237, 4, 337.078651685393, "GF Sing"],
				[80561.7977528091, 6, 337.078651685393, "GF Sing"]
			],
			"sectionBeats": 4,
			"gfSection": false,
			"altAnim": false,
			"bpm": 150,
			"changeBPM": false,
			"mustHitSection": false
		},
		{
			"sectionNotes": [
				[80898.8764044945, 0, 337.078651685393],
				[80898.8764044945, 5, 337.078651685393],
				[81235.9550561799, 1, 168.539325842697],
				[81404.4943820225, 3, 168.539325842697],
				[81573.0337078652, 2, 337.078651685393],
				[81573.0337078652, 7, 294.943820224719, "GF Sing"],
				[81910.1123595506, 0, 168.539325842697],
				[82078.6516853933, 1, 168.539325842697]
			],
			"sectionBeats": 4,
			"gfSection": false,
			"altAnim": false,
			"bpm": 150,
			"changeBPM": false,
			"mustHitSection": true
		},
		{
			"sectionNotes": [
				[82247.191011236, 2, 337.078651685393],
				[82247.191011236, 6, 337.078651685393],
				[82584.2696629214, 1, 168.539325842697],
				[82752.8089887641, 3, 168.539325842697],
				[82921.3483146068, 2, 168.539325842697],
				[82921.3483146068, 4, 337.078651685393, "GF Sing"],
				[83089.8876404495, 1, 168.539325842697],
				[83258.4269662922, 3, 337.078651685393]
			],
			"sectionBeats": 4,
			"gfSection": false,
			"altAnim": false,
			"bpm": 150,
			"changeBPM": false,
			"mustHitSection": true
		},
		{
			"sectionNotes": [
				[83595.5056179776, 0, 337.078651685393],
				[83595.5056179776, 5, 337.078651685393],
				[83764.0449438203, 1, 168.539325842697],
				[83932.584269663, 2, 337.078651685393],
				[83932.584269663, 7, 337.078651685393, "GF Sing"],
				[84101.1235955057, 1, 168.539325842697],
				[84269.6629213484, 3, 337.078651685393],
				[84269.6629213484, 6, 337.078651685393],
				[84438.2022471911, 1, 168.539325842697],
				[84606.7415730338, 2, 337.078651685393],
				[84606.7415730338, 4, 337.078651685393, "GF Sing"],
				[84775.2808988765, 3, 168.539325842697]
			],
			"sectionBeats": 4,
			"gfSection": false,
			"altAnim": false,
			"bpm": 150,
			"changeBPM": false,
			"mustHitSection": true
		},
		{
			"sectionNotes": [
				[84943.8202247192, 0, 337.078651685393],
				[84943.8202247192, 5, 168.539325842697],
				[85112.3595505619, 1, 168.539325842697],
				[85112.3595505619, 7, 168.539325842697, "GF Sing"],
				[85280.8988764046, 2, 168.539325842697],
				[85280.8988764046, 6, 168.539325842697],
				[85449.4382022473, 1, 0],
				[85449.4382022473, 4, 168.539325842697, "GF Sing"],
				[85533.7078651686, 2, 0],
				[85617.97752809, 3, 0],
				[85617.97752809, 5, 0],
				[85702.2471910113, 1, 0],
				[85702.2471910113, 7, 0, "GF Sing"],
				[85786.5168539327, 0, 0],
				[85786.5168539327, 6, 0],
				[85870.786516854, 3, 0],
				[85870.786516854, 4, 0, "GF Sing"],
				[85955.0561797754, 1, 0],
				[85955.0561797754, 5, 0],
				[85997.191011236, 7, 0, "GF Sing"],
				[86039.3258426967, 0, 0],
				[86039.3258426967, 6, 0],
				[86081.4606741574, 4, 0, "GF Sing"],
				[86123.5955056181, 2, 0],
				[86123.5955056181, 5, 0],
				[86165.7303370787, 7, 0, "GF Sing"],
				[86207.8651685394, 1, 0],
				[86207.8651685394, 6, 0],
				[86207.8651685394, 4, 0, "GF Sing"]
			],
			"sectionBeats": 4,
			"gfSection": false,
			"altAnim": false,
			"bpm": 150,
			"changeBPM": false,
			"mustHitSection": true
		},
		{
			"sectionNotes": [
				[86292.1348314608, 5, 0],
				[86460.6741573035, 7, 0],
				[86544.9438202248, 4, 0],
				[86629.2134831462, 6, 0],
				[86713.4831460675, 7, 0],
				[86797.7528089889, 5, 0],
				[86966.2921348316, 4, 0],
				[87134.8314606743, 5, 0],
				[87219.1011235956, 5, 0],
				[87303.370786517, 6, 0],
				[87471.9101123596, 7, 0]
			],
			"sectionBeats": 4,
			"gfSection": false,
			"altAnim": false,
			"bpm": 150,
			"changeBPM": false,
			"mustHitSection": false
		},
		{
			"sectionNotes": [
				[87640.4494382024, 5, 0],
				[87808.988764045, 7, 0],
				[87893.2584269664, 6, 0],
				[87977.5280898878, 4, 0],
				[88061.7977528091, 6, 0],
				[88146.0674157304, 5, 0],
				[88314.6067415731, 7, 0],
				[88483.1460674158, 5, 0],
				[88651.6853932585, 4, 337.078651685393],
				[88820.2247191012, 7, 168.539325842697]
			],
			"sectionBeats": 4,
			"gfSection": false,
			"altAnim": false,
			"bpm": 150,
			"changeBPM": false,
			"mustHitSection": false
		},
		{
			"sectionNotes": [
				[88988.7640449439, 6, 0, "GF Sing"],
				[88988.7640449439, 5, 674.157303370787],
				[89073.0337078653, 5, 0, "GF Sing"],
				[89157.3033707866, 7, 0, "GF Sing"],
				[89241.573033708, 7, 0, "GF Sing"],
				[89325.8426966293, 6, 0, "GF Sing"],
				[89410.1123595507, 5, 0, "GF Sing"],
				[89494.382022472, 7, 0, "GF Sing"],
				[89578.6516853934, 7, 0, "GF Sing"],
				[89662.9213483147, 4, 0, "GF Sing"],
				[89747.1910112361, 5, 0, "GF Sing"],
				[89831.4606741574, 4, 0, "GF Sing"],
				[89915.7303370788, 6, 0, "GF Sing"],
				[90000.0000000001, 5, 337.078651685393, "GF Sing"]
			],
			"sectionBeats": 4,
			"gfSection": false,
			"altAnim": false,
			"bpm": 150,
			"changeBPM": false,
			"mustHitSection": false
		},
		{
			"sectionNotes": [
				[90337.0786516855, 7, 168.539325842697, "GF Sing"],
				[90337.0786516855, 6, 674.157303370787],
				[90505.6179775282, 5, 168.539325842697, "GF Sing"],
				[90674.1573033709, 4, 168.539325842697, "GF Sing"],
				[90842.6966292136, 5, 168.539325842697, "GF Sing"],
				[91011.2359550563, 7, 168.539325842697, "GF Sing"],
				[91179.775280899, 5, 168.539325842697, "GF Sing"],
				[91348.3146067417, 4, 168.539325842697, "GF Sing"],
				[91516.8539325844, 5, 168.539325842697, "GF Sing"]
			],
			"sectionBeats": 4,
			"gfSection": false,
			"altAnim": false,
			"bpm": 150,
			"changeBPM": false,
			"mustHitSection": false
		},
		{
			"sectionNotes": [
				[91685.3932584271, 1, 0],
				[91853.9325842698, 3, 0],
				[91938.2022471911, 0, 0],
				[92022.4719101125, 2, 0],
				[92106.7415730338, 3, 0],
				[92191.0112359552, 1, 0],
				[92359.5505617979, 0, 0],
				[92528.0898876406, 1, 0],
				[92612.3595505619, 1, 0],
				[92696.6292134833, 2, 0],
				[92865.168539326, 3, 0]
			],
			"sectionBeats": 4,
			"gfSection": false,
			"altAnim": false,
			"bpm": 150,
			"changeBPM": false,
			"mustHitSection": true
		},
		{
			"sectionNotes": [
				[93033.7078651687, 1, 0],
				[93202.2471910114, 3, 0],
				[93286.5168539327, 2, 0],
				[93370.7865168541, 0, 0],
				[93455.0561797754, 2, 0],
				[93539.3258426968, 1, 0],
				[93707.8651685395, 3, 0],
				[93876.4044943822, 1, 0],
				[94044.9438202249, 0, 337.078651685393],
				[94213.4831460675, 3, 168.539325842697]
			],
			"sectionBeats": 4,
			"gfSection": false,
			"altAnim": false,
			"bpm": 150,
			"changeBPM": false,
			"mustHitSection": true
		},
		{
			"sectionNotes": [
				[94382.0224719103, 2, 0],
				[94466.2921348316, 1, 0],
				[94550.5617977529, 3, 0],
				[94634.8314606743, 3, 0],
				[94719.1011235957, 2, 0],
				[94803.370786517, 1, 0],
				[94887.6404494383, 3, 0],
				[94971.9101123597, 3, 0],
				[95056.179775281, 0, 0],
				[95140.4494382024, 1, 0],
				[95224.7191011237, 0, 0],
				[95308.9887640451, 2, 0],
				[95393.2584269664, 1, 337.078651685393]
			],
			"sectionBeats": 4,
			"gfSection": false,
			"altAnim": false,
			"bpm": 150,
			"changeBPM": false,
			"mustHitSection": true
		},
		{
			"sectionNotes": [
				[95730.3370786518, 3, 168.539325842697],
				[95898.8764044945, 1, 168.539325842697],
				[96067.4157303372, 0, 168.539325842697],
				[96235.9550561799, 1, 168.539325842697],
				[96404.4943820226, 3, 168.539325842697],
				[96573.0337078653, 1, 168.539325842697],
				[96741.573033708, 0, 168.539325842697],
				[96910.1123595507, 1, 168.539325842697]
			],
			"sectionBeats": 4,
			"gfSection": false,
			"altAnim": false,
			"bpm": 150,
			"changeBPM": false,
			"mustHitSection": true
		},
		{
			"sectionNotes": [
				[97078.6516853934, 5, 0],
				[97078.6516853934, 3, 0],
				[97162.9213483148, 5, 0],
				[97247.1910112361, 7, 0],
				[97331.4606741575, 6, 0],
				[97331.4606741575, 2, 0],
				[97415.7303370788, 5, 0],
				[97500.0000000002, 5, 0],
				[97584.2696629215, 7, 0],
				[97584.2696629215, 1, 0],
				[97668.5393258429, 6, 0],
				[97752.8089887642, 4, 168.539325842697],
				[97752.8089887642, 3, 0],
				[97921.3483146069, 5, 0],
				[98005.6179775283, 4, 0],
				[98005.6179775283, 1, 0],
				[98089.8876404496, 6, 0],
				[98258.4269662923, 5, 0],
				[98258.4269662923, 2, 0]
			],
			"sectionBeats": 4,
			"gfSection": false,
			"altAnim": false,
			"bpm": 150,
			"changeBPM": false,
			"mustHitSection": false
		},
		{
			"sectionNotes": [
				[98426.966292135, 6, 0],
				[98426.966292135, 1, 0],
				[98511.2359550563, 5, 0],
				[98595.5056179777, 7, 0],
				[98679.775280899, 3, 0],
				[98764.0449438204, 6, 0],
				[98932.5842696631, 4, 0],
				[98932.5842696631, 0, 0],
				[99101.1235955058, 5, 0],
				[99101.1235955058, 1, 0],
				[99269.6629213485, 7, 0],
				[99353.9325842698, 2, 0],
				[99438.2022471912, 4, 337.078651685393],
				[99438.2022471912, 6, 337.078651685393],
				[99606.7415730339, 3, 0]
			],
			"sectionBeats": 4,
			"gfSection": false,
			"altAnim": false,
			"bpm": 150,
			"changeBPM": false,
			"mustHitSection": false
		},
		{
			"sectionNotes": [
				[99775.2808988766, 5, 168.539325842697],
				[99775.2808988766, 5, 168.539325842697, "GF Sing"],
				[99775.2808988766, 1, 0],
				[99943.8202247193, 7, 168.539325842697],
				[99943.8202247193, 7, 168.539325842697, "GF Sing"],
				[100028.089887641, 2, 0],
				[100112.359550562, 4, 168.539325842697],
				[100112.359550562, 4, 168.539325842697, "GF Sing"],
				[100280.898876405, 5, 168.539325842697],
				[100280.898876405, 5, 168.539325842697, "GF Sing"],
				[100280.898876405, 1, 0],
				[100449.438202247, 6, 168.539325842697],
				[100449.438202247, 6, 168.539325842697, "GF Sing"],
				[100449.438202247, 1, 0],
				[100617.97752809, 7, 168.539325842697],
				[100617.97752809, 7, 168.539325842697, "GF Sing"],
				[100702.247191011, 2, 0],
				[100786.516853933, 5, 168.539325842697],
				[100786.516853933, 5, 168.539325842697, "GF Sing"],
				[100955.056179775, 4, 168.539325842697],
				[100955.056179775, 4, 168.539325842697, "GF Sing"],
				[100955.056179775, 1, 0]
			],
			"sectionBeats": 4,
			"gfSection": false,
			"altAnim": false,
			"bpm": 150,
			"changeBPM": false,
			"mustHitSection": false
		},
		{
			"sectionNotes": [
				[101123.595505618, 5, 168.539325842697],
				[101123.595505618, 5, 168.539325842697, "GF Sing"],
				[101123.595505618, 2, 0],
				[101292.134831461, 7, 168.539325842697],
				[101292.134831461, 7, 168.539325842697, "GF Sing"],
				[101376.404494382, 3, 0],
				[101460.674157304, 4, 168.539325842697],
				[101460.674157304, 4, 168.539325842697, "GF Sing"],
				[101629.213483146, 5, 168.539325842697],
				[101629.213483146, 5, 168.539325842697, "GF Sing"],
				[101629.213483146, 0, 0],
				[101797.752808989, 6, 168.539325842697],
				[101797.752808989, 6, 168.539325842697, "GF Sing"],
				[101797.752808989, 1, 0],
				[101966.292134832, 7, 168.539325842697],
				[101966.292134832, 7, 168.539325842697, "GF Sing"],
				[102050.561797753, 3, 0],
				[102134.831460674, 5, 168.539325842697],
				[102134.831460674, 5, 168.539325842697, "GF Sing"],
				[102303.370786517, 4, 168.539325842697],
				[102303.370786517, 4, 168.539325842697, "GF Sing"],
				[102303.370786517, 1, 0]
			],
			"sectionBeats": 4,
			"gfSection": false,
			"altAnim": false,
			"bpm": 150,
			"changeBPM": false,
			"mustHitSection": false
		},
		{
			"sectionNotes": [
				[102471.91011236, 5, 0, "GF Sing"],
				[102471.91011236, 3, 674.157303370787],
				[102556.179775281, 5, 0, "GF Sing"],
				[102640.449438202, 7, 0, "GF Sing"],
				[102724.719101124, 6, 0, "GF Sing"],
				[102808.988764045, 5, 0, "GF Sing"],
				[102893.258426966, 5, 0, "GF Sing"],
				[102977.528089888, 7, 0, "GF Sing"],
				[103061.797752809, 6, 0, "GF Sing"],
				[103146.067415731, 4, 168.539325842697, "GF Sing"],
				[103146.067415731, 0, 674.157303370787],
				[103314.606741573, 5, 0, "GF Sing"],
				[103398.876404495, 4, 0, "GF Sing"],
				[103483.146067416, 6, 0, "GF Sing"],
				[103651.685393259, 5, 0, "GF Sing"]
			],
			"sectionBeats": 4,
			"gfSection": false,
			"altAnim": false,
			"bpm": 150,
			"changeBPM": false,
			"mustHitSection": false
		},
		{
			"sectionNotes": [
				[103820.224719101, 6, 0, "GF Sing"],
				[103820.224719101, 1, 674.157303370787],
				[103904.494382023, 5, 0, "GF Sing"],
				[103988.764044944, 7, 0, "GF Sing"],
				[103988.764044944, 2, 337.078651685393],
				[104157.303370787, 6, 0, "GF Sing"],
				[104157.303370787, 3, 337.078651685393],
				[104325.842696629, 4, 0, "GF Sing"],
				[104325.842696629, 0, 168.539325842697],
				[104494.382022472, 5, 0, "GF Sing"],
				[104494.382022472, 2, 674.157303370787],
				[104662.921348315, 7, 0, "GF Sing"],
				[104831.460674157, 4, 337.078651685393, "GF Sing"],
				[104831.460674157, 6, 337.078651685393, "GF Sing"],
				[104831.460674157, 3, 337.078651685393],
				[105000, 1, 168.539325842697]
			],
			"sectionBeats": 4,
			"gfSection": false,
			"altAnim": false,
			"bpm": 150,
			"changeBPM": false,
			"mustHitSection": false
		},
		{
			"sectionNotes": [
				[105168.539325843, 5, 168.539325842697, "GF Sing"],
				[105168.539325843, 0, 674.157303370787],
				[105337.078651686, 7, 168.539325842697, "GF Sing"],
				[105505.617977528, 4, 168.539325842697, "GF Sing"],
				[105505.617977528, 1, 337.078651685393],
				[105674.157303371, 5, 168.539325842697, "GF Sing"],
				[105842.696629214, 6, 168.539325842697, "GF Sing"],
				[105842.696629214, 2, 674.157303370787],
				[106011.235955056, 7, 168.539325842697, "GF Sing"],
				[106095.505617978, 0, 421.348314606742],
				[106179.775280899, 5, 168.539325842697, "GF Sing"],
				[106348.314606742, 4, 168.539325842697, "GF Sing"],
				[106348.314606742, 3, 168.539325842697]
			],
			"sectionBeats": 4,
			"gfSection": false,
			"altAnim": false,
			"bpm": 150,
			"changeBPM": false,
			"mustHitSection": false
		},
		{
			"sectionNotes": [
				[106516.853932584, 5, 168.539325842697, "GF Sing"],
				[106516.853932584, 1, 674.157303370787],
				[106685.393258427, 7, 168.539325842697, "GF Sing"],
				[106853.93258427, 4, 168.539325842697, "GF Sing"],
				[107022.471910113, 5, 168.539325842697, "GF Sing"],
				[107022.471910113, 2, 168.539325842697],
				[107191.011235955, 6, 168.539325842697, "GF Sing"],
				[107191.011235955, 0, 674.157303370787],
				[107359.550561798, 7, 168.539325842697, "GF Sing"],
				[107528.089887641, 5, 168.539325842697, "GF Sing"],
				[107528.089887641, 3, 337.078651685393],
				[107696.629213483, 2, 168.539325842697],
				[107696.629213483, 4, 168.539325842697, "GF Sing"]
			],
			"sectionBeats": 4,
			"gfSection": false,
			"altAnim": false,
			"bpm": 150,
			"changeBPM": false,
			"mustHitSection": false
		},
		{
			"sectionNotes": [
				[107865.168539326, 5, 0, "GF Sing"],
				[107865.168539326, 1, 1348.31460674157],
				[108033.707865169, 5, 0, "GF Sing"],
				[108370.786516854, 5, 0, "GF Sing"],
				[108539.325842697, 5, 0, "GF Sing"],
				[108876.404494382, 5, 0, "GF Sing"],
				[109044.943820225, 4, 0, "GF Sing"],
				[109129.213483146, 5, 0, "GF Sing"]
			],
			"sectionBeats": 4,
			"gfSection": false,
			"altAnim": false,
			"bpm": 150,
			"changeBPM": false,
			"mustHitSection": false
		},
		{
			"sectionNotes": [
				[109213.483146068, 6, 0, "GF Sing"],
				[109382.02247191, 5, 0, "GF Sing"],
				[109550.561797753, 7, 337.078651685393, "GF Sing"],
				[109719.101123596, 4, 168.539325842697, "GF Sing"],
				[109887.640449438, 6, 337.078651685393, "GF Sing"],
				[110224.719101124, 4, 337.078651685393, "GF Sing"],
				[110393.258426967, 5, 168.539325842697, "GF Sing"]
			],
			"sectionBeats": 4,
			"gfSection": false,
			"altAnim": false,
			"bpm": 150,
			"changeBPM": false,
			"mustHitSection": false
		},
		{
			"sectionNotes": [
				[110561.797752809, 6, 168.539325842697, "GF Sing"],
				[110730.337078652, 4, 0, "GF Sing"],
				[111067.415730337, 6, 168.539325842697, "GF Sing"],
				[111235.95505618, 7, 0, "GF Sing"],
				[111573.033707865, 6, 337.078651685393, "GF Sing"]
			],
			"sectionBeats": 4,
			"gfSection": false,
			"altAnim": false,
			"bpm": 150,
			"changeBPM": false,
			"mustHitSection": false
		},
		{
			"sectionNotes": [
				[111910.112359551, 4, 0, "GF Sing"],
				[112078.651685393, 5, 0, "GF Sing"],
				[112247.191011236, 6, 337.078651685393, "GF Sing"],
				[112415.730337079, 7, 168.539325842697, "GF Sing"],
				[112584.269662922, 5, 337.078651685393, "GF Sing"],
				[112921.348314607, 7, 337.078651685393, "GF Sing"]
			],
			"sectionBeats": 4,
			"gfSection": false,
			"altAnim": false,
			"bpm": 150,
			"changeBPM": false,
			"mustHitSection": false
		},
		{
			"sectionNotes": [
				[113258.426966292, 1, 0],
				[113426.966292135, 1, 0],
				[113764.04494382, 1, 0],
				[113932.584269663, 1, 0],
				[114269.662921349, 1, 0],
				[114438.202247191, 0, 0],
				[114522.471910113, 1, 0]
			],
			"sectionBeats": 4,
			"gfSection": false,
			"altAnim": false,
			"bpm": 178,
			"changeBPM": false,
			"mustHitSection": true
		},
		{
			"sectionNotes": [
				[114606.741573034, 2, 0],
				[114775.280898877, 1, 0],
				[114943.820224719, 3, 337.078651685393],
				[115112.359550562, 0, 168.539325842697],
				[115280.898876405, 2, 337.078651685393],
				[115617.97752809, 0, 337.078651685393],
				[115786.516853933, 1, 168.539325842697]
			],
			"sectionBeats": 4,
			"gfSection": false,
			"altAnim": false,
			"bpm": 178,
			"changeBPM": false,
			"mustHitSection": true
		},
		{
			"sectionNotes": [
				[115955.056179776, 2, 168.539325842697],
				[116123.595505618, 0, 0],
				[116460.674157304, 2, 168.539325842697],
				[116629.213483146, 3, 0],
				[116966.292134832, 2, 337.078651685393]
			],
			"sectionBeats": 4,
			"gfSection": false,
			"altAnim": false,
			"bpm": 178,
			"changeBPM": false,
			"mustHitSection": true
		},
		{
			"sectionNotes": [
				[117303.370786517, 0, 0],
				[117471.91011236, 1, 0],
				[117640.449438203, 2, 337.078651685393],
				[117808.988764045, 3, 168.539325842697],
				[117977.528089888, 1, 337.078651685393],
				[118314.606741573, 3, 337.078651685393]
			],
			"sectionBeats": 4,
			"gfSection": false,
			"altAnim": false,
			"bpm": 178,
			"changeBPM": false,
			"mustHitSection": true
		},
		{
			"sectionNotes": [
				[118651.685393259, 5, 252.808988764045],
				[118904.494382023, 7, 0],
				[118988.764044944, 6, 0],
				[119157.303370787, 4, 0],
				[119241.573033708, 7, 0],
				[119325.842696629, 4, 337.078651685393],
				[119410.112359551, 5, 252.808988764045],
				[119662.921348315, 6, 337.078651685393]
			],
			"sectionBeats": 4,
			"gfSection": false,
			"altAnim": false,
			"bpm": 178,
			"changeBPM": false,
			"mustHitSection": false
		},
		{
			"sectionNotes": [
				[120000, 5, 168.539325842697],
				[120168.539325843, 7, 0],
				[120252.808988764, 4, 0],
				[120337.078651686, 7, 337.078651685393],
				[120505.617977528, 5, 168.539325842697],
				[120674.157303371, 6, 337.078651685393],
				[121011.235955056, 4, 337.078651685393]
			],
			"sectionBeats": 4,
			"gfSection": false,
			"altAnim": false,
			"bpm": 178,
			"changeBPM": false,
			"mustHitSection": false
		},
		{
			"sectionNotes": [
				[121348.314606742, 5, 252.808988764045],
				[121601.123595506, 6, 0],
				[121685.393258427, 5, 0],
				[121853.93258427, 7, 0],
				[121938.202247191, 6, 0],
				[122022.471910113, 7, 0],
				[122191.011235955, 5, 0],
				[122359.550561798, 4, 337.078651685393]
			],
			"sectionBeats": 4,
			"gfSection": false,
			"altAnim": false,
			"bpm": 178,
			"changeBPM": false,
			"mustHitSection": false
		},
		{
			"sectionNotes": [
				[122696.629213483, 5, 252.808988764045],
				[122949.438202247, 6, 0],
				[123033.707865169, 7, 337.078651685393],
				[123117.97752809, 4, 252.808988764045],
				[123370.786516854, 6, 337.078651685393],
				[123707.86516854, 5, 337.078651685393]
			],
			"sectionBeats": 4,
			"gfSection": false,
			"altAnim": false,
			"bpm": 178,
			"changeBPM": false,
			"mustHitSection": false
		},
		{
			"sectionNotes": [
				[124044.943820225, 1, 252.808988764045],
				[124044.943820225, 4, 674.157303370787, "GF Sing"],
				[124297.752808989, 3, 0],
				[124382.02247191, 2, 0],
				[124550.561797753, 0, 0],
				[124634.831460674, 3, 0],
				[124719.101123596, 0, 337.078651685393],
				[124803.370786517, 1, 252.808988764045],
				[125056.179775281, 2, 337.078651685393]
			],
			"sectionBeats": 4,
			"gfSection": false,
			"altAnim": false,
			"bpm": 178,
			"changeBPM": false,
			"mustHitSection": true
		},
		{
			"sectionNotes": [
				[125393.258426967, 1, 168.539325842697],
				[125393.258426967, 4, 674.157303370787, "GF Sing"],
				[125561.797752809, 3, 0],
				[125646.067415731, 0, 0],
				[125730.337078652, 3, 337.078651685393],
				[125898.876404495, 1, 168.539325842697],
				[126067.415730337, 2, 337.078651685393],
				[126404.494382023, 0, 337.078651685393]
			],
			"sectionBeats": 4,
			"gfSection": false,
			"altAnim": false,
			"bpm": 178,
			"changeBPM": false,
			"mustHitSection": true
		},
		{
			"sectionNotes": [
				[126741.573033708, 1, 252.808988764045],
				[126741.573033708, 6, 674.157303370787],
				[126994.382022472, 2, 0],
				[127078.651685394, 1, 0],
				[127247.191011236, 3, 0],
				[127331.460674158, 2, 0],
				[127415.730337079, 3, 0],
				[127584.269662922, 1, 0],
				[127752.808988764, 0, 337.078651685393]
			],
			"sectionBeats": 4,
			"gfSection": false,
			"altAnim": false,
			"bpm": 178,
			"changeBPM": false,
			"mustHitSection": true
		},
		{
			"sectionNotes": [
				[128089.88764045, 1, 252.808988764045],
				[128089.88764045, 5, 674.157303370787],
				[128342.696629214, 2, 0],
				[128426.966292135, 3, 337.078651685393],
				[128511.235955057, 0, 252.808988764045],
				[128764.044943821, 2, 337.078651685393],
				[129101.123595506, 1, 337.078651685393]
			],
			"sectionBeats": 4,
			"gfSection": false,
			"altAnim": false,
			"bpm": 178,
			"changeBPM": false,
			"mustHitSection": true
		},
		{
			"sectionNotes": [
				[129438.202247191, 7, 1348.31460674157],
				[129438.202247191, 0, 1348.31460674157],
				[129438.202247191, 7, 1348.31460674157, "GF Sing"]
			],
			"sectionBeats": 4,
			"gfSection": false,
			"altAnim": false,
			"bpm": 178,
			"changeBPM": false,
			"mustHitSection": true
		},
		{
			"sectionNotes": [],
			"sectionBeats": 4,
			"gfSection": false,
			"altAnim": false,
			"bpm": 178,
			"changeBPM": false,
			"mustHitSection": true
		},
		{
			"sectionNotes": [],
			"sectionBeats": 4,
			"gfSection": false,
			"altAnim": false,
			"bpm": 178,
			"changeBPM": false,
			"mustHitSection": true
		}
	],
	"events": [
		[
			0,
			[
				["Colored_Apple", "1", "1"]
			]
		],
		[
			20898.8764044944,
			[
				["infryzoom", "0.98", "1"]
			]
		],
		[
			21235.9550561798,
			[
				["infryzoom", "0.95", "1"]
			]
		],
		[
			21569.5224719101,
			[
				["Colored_Apple", "0.01", "0.95"],
				["whiteflash", "0.01", "0.95"]
			]
		],
		[
			25617.9775280899,
			[
				["infryzoom", "1.05", "1"]
			]
		],
		[
			26039.3258426966,
			[
				["infryzoom", "1.1", "1"]
			]
		],
		[
			26292.1348314607,
			[
				["infryzoom", "1.05", "1"]
			]
		],
		[
			26629.2134831461,
			[
				["infryzoom", "1", "1"]
			]
		],
		[
			31011.2359550562,
			[
				["infryzoom", "1.05", "1"]
			]
		],
		[
			31432.5842696629,
			[
				["infryzoom", "1.1", "1"]
			]
		],
		[
			31685.393258427,
			[
				["infryzoom", "1.05", "1"]
			]
		],
		[
			32022.4719101124,
			[
				["infryzoom", "1", "1"]
			]
		],
		[
			32359.5505617978,
			[
				["infryzoom", "1.07", "1"]
			]
		],
		[
			33707.8651685393,
			[
				["infryzoom", "1.12", "1"]
			]
		],
		[
			35056.1797752809,
			[
				["infryzoom", "1.1", "1"]
			]
		],
		[
			35730.3370786517,
			[
				["infryzoom", "1.07", "1"]
			]
		],
		[
			36404.4943820225,
			[
				["infryzoom", "1", "1"]
			]
		],
		[
			36741.5730337079,
			[
				["infryzoom", "0.95", "1"]
			]
		],
		[
			37078.6516853933,
			[
				["infryzoom", "0.98", "1"]
			]
		],
		[
			37415.7303370787,
			[
				["infryzoom", "1", "1"]
			]
		],
		[
			37752.808988764,
			[
				["infryzoom", "1.07", "1"]
			]
		],
		[
			39101.1235955056,
			[
				["infryzoom", "1.12", "1"]
			]
		],
		[
			40449.4382022472,
			[
				["infryzoom", "1.1", "1"]
			]
		],
		[
			41123.595505618,
			[
				["infryzoom", "1.07", "1"]
			]
		],
		[
			41797.7528089888,
			[
				["infryzoom", "1", "1"]
			]
		],
		[
			42134.8314606742,
			[
				["infryzoom", "0.95", "1"]
			]
		],
		[
			42471.9101123596,
			[
				["infryzoom", "0.98", "1"]
			]
		],
		[
			42808.9887640449,
			[
				["infryzoom", "1", "1"]
			]
		],
		[
			53932.5842696629,
			[
				["infryzoom", "1.1", "1"],
				["whiteflash", "1.1", "1"]
			]
		],
		[
			55280.8988764045,
			[
				["infryzoom", "1.13", "1"]
			]
		],
		[
			55617.9775280899,
			[
				["infryzoom", "1.16", "1"]
			]
		],
		[
			55955.0561797753,
			[
				["infryzoom", "1.2", "1"]
			]
		],
		[
			56629.2134831461,
			[
				["infryzoom", "1", "1"]
			]
		],
		[
			57977.5280898876,
			[
				["infryzoom", "1.05", "1"]
			]
		],
		[
			58651.6853932584,
			[
				["infryzoom", "1", "1"]
			]
		],
		[
			59325.8426966292,
			[
				["infryzoom", "1.1", "1"]
			]
		],
		[
			60674.1573033708,
			[
				["infryzoom", "1.13", "1"]
			]
		],
		[
			61011.2359550562,
			[
				["infryzoom", "1.16", "1"]
			]
		],
		[
			61348.3146067416,
			[
				["infryzoom", "1.2", "1"]
			]
		],
		[
			62022.4719101124,
			[
				["infryzoom", "1", "1"]
			]
		],
		[
			63370.7865168539,
			[
				["infryzoom", "1.05", "1"]
			]
		],
		[
			64044.9438202247,
			[
				["infryzoom", "1", "1"]
			]
		],
		[
			64719.1011235955,
			[
				["whiteflash", "1", "1"]
			]
		],
		[
			66067.4157303371,
			[
				["infryzoom", "1.1", "1"]
			]
		],
		[
			67415.7303370787,
			[
				["infryzoom", "1", "1"]
			]
		],
		[
			68764.0449438202,
			[
				["infryzoom", "0.95", "1"]
			]
		],
		[
			70112.3595505618,
			[
				["infryzoom", "1", "1"]
			]
		],
		[
			71460.6741573034,
			[
				["infryzoom", "1.1", "1"]
			]
		],
		[
			72808.988764045,
			[
				["infryzoom", "1", "1"]
			]
		],
		[
			74157.3033707866,
			[
				["infryzoom", "0.95", "1"]
			]
		],
		[
			75505.6179775281,
			[
				["infryzoom", "1.1", "1"]
			]
		],
		[
			76853.9325842697,
			[
				["infryzoom", "1.13", "1"]
			]
		],
		[
			78202.2471910113,
			[
				["infryzoom", "1.1", "1"]
			]
		],
		[
			79550.5617977529,
			[
				["infryzoom", "1", "1"]
			]
		],
		[
			80898.8764044945,
			[
				["Add Camera Zoom", "", ""],
				["infryzoom", "1.1", "1"]
			]
		],
		[
			82247.191011236,
			[
				["infryzoom", "1", "1"]
			]
		],
		[
			83595.5056179776,
			[
				["infryzoom", "1.1", "1"]
			]
		],
		[
			84269.6629213484,
			[
				["Add Camera Zoom", "", ""]
			]
		],
		[
			84943.8202247192,
			[
				["infryzoom", "1.2", "2"]
			]
		],
		[
			85280.8988764046,
			[
				["Add Camera Zoom", "", ""]
			]
		],
		[
			85617.97752809,
			[
				["Add Camera Zoom", "", ""]
			]
		],
		[
			85786.5168539327,
			[
				["Add Camera Zoom", "", ""]
			]
		],
		[
			85955.0561797754,
			[
				["Add Camera Zoom", "", ""]
			]
		],
		[
			86039.3258426967,
			[
				["Add Camera Zoom", "", ""]
			]
		],
		[
			86123.5955056181,
			[
				["Add Camera Zoom", "", ""]
			]
		],
		[
			86207.8651685394,
			[
				["Add Camera Zoom", "", ""]
			]
		],
		[
			86292.1348314608,
			[
				["infryzoom", "1", "1"],
				["whiteflash", "1", "1"]
			]
		],
		[
			87640.4494382024,
			[
				["infryzoom", "1.1", "1"]
			]
		],
		[
			88988.7640449439,
			[
				["infryzoom", "1.15", "1"]
			]
		],
		[
			90337.0786516855,
			[
				["infryzoom", "1.2", "1"]
			]
		],
		[
			91685.3932584271,
			[
				["infryzoom", "1", "1"]
			]
		],
		[
			93033.7078651687,
			[
				["infryzoom", "1.1", "1"]
			]
		],
		[
			94382.0224719103,
			[
				["infryzoom", "1.15", "1"]
			]
		],
		[
			95730.3370786518,
			[
				["infryzoom", "1.2", "1"]
			]
		],
		[
			97078.6516853934,
			[
				["Camera Follow Pos", "820", "460"],
				["infryzoom", "0.8", "1"],
				["Camera Follow Pos", "700", "400"]
			]
		],
		[
			107861.657303371,
			[
				["infryzoom", "1", "1"],
				["Camera Follow Pos", "", ""],
				["whiteflash", "", ""]
			]
		],
		[
			129438.202247191,
			[
				["infryzoom", "1.2", "2"]
			]
		],
		[
			130786.516853933,
			[
				["whiteflash", "", ""]
			]
		]
	],
	"player2": "butterANDKOMIES",
	"offset": 0,
	"song": "DETESTABLE",
	"needsVoices": true,
	"stage": "soup",
	"bpm": 178,
	"speed": 3.05,
	"format": "psych_v1"
}